buying,maint,doors,persons,lug_boot,safety
veryhigh,veryhigh,2,2,small,low
veryhigh,veryhigh,2,2,small,med
veryhigh,veryhigh,2,2,small,high
veryhigh,veryhigh,2,2,med,low
veryhigh,veryhigh,2,2,med,med
veryhigh,veryhigh,2,2,med,high
veryhigh,veryhigh,2,2,big,low
veryhigh,veryhigh,2,2,big,med
veryhigh,veryhigh,2,2,big,high
veryhigh,veryhigh,2,4,small,low
veryhigh,veryhigh,2,4,small,med
veryhigh,veryhigh,2,4,small,high
veryhigh,veryhigh,2,4,med,low
veryhigh,veryhigh,2,4,med,med
veryhigh,veryhigh,2,4,med,high
veryhigh,veryhigh,2,4,big,low
veryhigh,veryhigh,2,4,big,med
veryhigh,veryhigh,2,4,big,high
veryhigh,veryhigh,2,more,small,low
veryhigh,veryhigh,2,more,small,med
veryhigh,veryhigh,2,more,small,high
veryhigh,veryhigh,2,more,med,low
veryhigh,veryhigh,2,more,med,med
veryhigh,veryhigh,2,more,med,high
veryhigh,veryhigh,2,more,big,low
veryhigh,veryhigh,2,more,big,med
veryhigh,veryhigh,2,more,big,high
veryhigh,veryhigh,3,2,small,low
veryhigh,veryhigh,3,2,small,med
veryhigh,veryhigh,3,2,small,high
veryhigh,veryhigh,3,2,med,low
veryhigh,veryhigh,3,2,med,med
veryhigh,veryhigh,3,2,med,high
veryhigh,veryhigh,3,2,big,low
veryhigh,veryhigh,3,2,big,med
veryhigh,veryhigh,3,2,big,high
veryhigh,veryhigh,3,4,small,low
veryhigh,veryhigh,3,4,small,med
veryhigh,veryhigh,3,4,small,high
veryhigh,veryhigh,3,4,med,low
veryhigh,veryhigh,3,4,med,med
veryhigh,veryhigh,3,4,med,high
veryhigh,veryhigh,3,4,big,low
veryhigh,veryhigh,3,4,big,med
veryhigh,veryhigh,3,4,big,high
veryhigh,veryhigh,3,more,small,low
veryhigh,veryhigh,3,more,small,med
veryhigh,veryhigh,3,more,small,high
veryhigh,veryhigh,3,more,med,low
veryhigh,veryhigh,3,more,med,med
veryhigh,veryhigh,3,more,med,high
veryhigh,veryhigh,3,more,big,low
veryhigh,veryhigh,3,more,big,med
veryhigh,veryhigh,3,more,big,high
veryhigh,veryhigh,4,2,small,low
veryhigh,veryhigh,4,2,small,med
veryhigh,veryhigh,4,2,small,high
veryhigh,veryhigh,4,2,med,low
veryhigh,veryhigh,4,2,med,med
veryhigh,veryhigh,4,2,med,high
veryhigh,veryhigh,4,2,big,low
veryhigh,veryhigh,4,2,big,med
veryhigh,veryhigh,4,2,big,high
veryhigh,veryhigh,4,4,small,low
veryhigh,veryhigh,4,4,small,med
veryhigh,veryhigh,4,4,small,high
veryhigh,veryhigh,4,4,med,low
veryhigh,veryhigh,4,4,med,med
veryhigh,veryhigh,4,4,med,high
veryhigh,veryhigh,4,4,big,low
veryhigh,veryhigh,4,4,big,med
veryhigh,veryhigh,4,4,big,high
veryhigh,veryhigh,4,more,small,low
veryhigh,veryhigh,4,more,small,med
veryhigh,veryhigh,4,more,small,high
veryhigh,veryhigh,4,more,med,low
veryhigh,veryhigh,4,more,med,med
veryhigh,veryhigh,4,more,med,high
veryhigh,veryhigh,4,more,big,low
veryhigh,veryhigh,4,more,big,med
veryhigh,veryhigh,4,more,big,high
veryhigh,veryhigh,5more,2,small,low
veryhigh,veryhigh,5more,2,small,med
veryhigh,veryhigh,5more,2,small,high
veryhigh,veryhigh,5more,2,med,low
veryhigh,veryhigh,5more,2,med,med
veryhigh,veryhigh,5more,2,med,high
veryhigh,veryhigh,5more,2,big,low
veryhigh,veryhigh,5more,2,big,med
veryhigh,veryhigh,5more,2,big,high
veryhigh,veryhigh,5more,4,small,low
veryhigh,veryhigh,5more,4,small,med
veryhigh,veryhigh,5more,4,small,high
veryhigh,veryhigh,5more,4,med,low
veryhigh,veryhigh,5more,4,med,med
veryhigh,veryhigh,5more,4,med,high
veryhigh,veryhigh,5more,4,big,low
veryhigh,veryhigh,5more,4,big,med
veryhigh,veryhigh,5more,4,big,high
veryhigh,veryhigh,5more,more,small,low
veryhigh,veryhigh,5more,more,small,med
veryhigh,veryhigh,5more,more,small,high
veryhigh,veryhigh,5more,more,med,low
veryhigh,veryhigh,5more,more,med,med
veryhigh,veryhigh,5more,more,med,high
veryhigh,veryhigh,5more,more,big,low
veryhigh,veryhigh,5more,more,big,med
veryhigh,veryhigh,5more,more,big,high
veryhigh,high,2,2,small,low
veryhigh,high,2,2,small,med
veryhigh,high,2,2,small,high
veryhigh,high,2,2,med,low
veryhigh,high,2,2,med,med
veryhigh,high,2,2,med,high
veryhigh,high,2,2,big,low
veryhigh,high,2,2,big,med
veryhigh,high,2,2,big,high
veryhigh,high,2,4,small,low
veryhigh,high,2,4,small,med
veryhigh,high,2,4,small,high
veryhigh,high,2,4,med,low
veryhigh,high,2,4,med,med
veryhigh,high,2,4,med,high
veryhigh,high,2,4,big,low
veryhigh,high,2,4,big,med
veryhigh,high,2,4,big,high
veryhigh,high,2,more,small,low
veryhigh,high,2,more,small,med
veryhigh,high,2,more,small,high
veryhigh,high,2,more,med,low
veryhigh,high,2,more,med,med
veryhigh,high,2,more,med,high
veryhigh,high,2,more,big,low
veryhigh,high,2,more,big,med
veryhigh,high,2,more,big,high
veryhigh,high,3,2,small,low
veryhigh,high,3,2,small,med
veryhigh,high,3,2,small,high
veryhigh,high,3,2,med,low
veryhigh,high,3,2,med,med
veryhigh,high,3,2,med,high
veryhigh,high,3,2,big,low
veryhigh,high,3,2,big,med
veryhigh,high,3,2,big,high
veryhigh,high,3,4,small,low
veryhigh,high,3,4,small,med
veryhigh,high,3,4,small,high
veryhigh,high,3,4,med,low
veryhigh,high,3,4,med,med
veryhigh,high,3,4,med,high
veryhigh,high,3,4,big,low
veryhigh,high,3,4,big,med
veryhigh,high,3,4,big,high
veryhigh,high,3,more,small,low
veryhigh,high,3,more,small,med
veryhigh,high,3,more,small,high
veryhigh,high,3,more,med,low
veryhigh,high,3,more,med,med
veryhigh,high,3,more,med,high
veryhigh,high,3,more,big,low
veryhigh,high,3,more,big,med
veryhigh,high,3,more,big,high
veryhigh,high,4,2,small,low
veryhigh,high,4,2,small,med
veryhigh,high,4,2,small,high
veryhigh,high,4,2,med,low
veryhigh,high,4,2,med,med
veryhigh,high,4,2,med,high
veryhigh,high,4,2,big,low
veryhigh,high,4,2,big,med
veryhigh,high,4,2,big,high
veryhigh,high,4,4,small,low
veryhigh,high,4,4,small,med
veryhigh,high,4,4,small,high
veryhigh,high,4,4,med,low
veryhigh,high,4,4,med,med
veryhigh,high,4,4,med,high
veryhigh,high,4,4,big,low
veryhigh,high,4,4,big,med
veryhigh,high,4,4,big,high
veryhigh,high,4,more,small,low
veryhigh,high,4,more,small,med
veryhigh,high,4,more,small,high
veryhigh,high,4,more,med,low
veryhigh,high,4,more,med,med
veryhigh,high,4,more,med,high
veryhigh,high,4,more,big,low
veryhigh,high,4,more,big,med
veryhigh,high,4,more,big,high
veryhigh,high,5more,2,small,low
veryhigh,high,5more,2,small,med
veryhigh,high,5more,2,small,high
veryhigh,high,5more,2,med,low
veryhigh,high,5more,2,med,med
veryhigh,high,5more,2,med,high
veryhigh,high,5more,2,big,low
veryhigh,high,5more,2,big,med
veryhigh,high,5more,2,big,high
veryhigh,high,5more,4,small,low
veryhigh,high,5more,4,small,med
veryhigh,high,5more,4,small,high
veryhigh,high,5more,4,med,low
veryhigh,high,5more,4,med,med
veryhigh,high,5more,4,med,high
veryhigh,high,5more,4,big,low
veryhigh,high,5more,4,big,med
veryhigh,high,5more,4,big,high
veryhigh,high,5more,more,small,low
veryhigh,high,5more,more,small,med
veryhigh,high,5more,more,small,high
veryhigh,high,5more,more,med,low
veryhigh,high,5more,more,med,med
veryhigh,high,5more,more,med,high
veryhigh,high,5more,more,big,low
veryhigh,high,5more,more,big,med
veryhigh,high,5more,more,big,high
veryhigh,med,2,2,small,low
veryhigh,med,2,2,small,med
veryhigh,med,2,2,small,high
veryhigh,med,2,2,med,low
veryhigh,med,2,2,med,med
veryhigh,med,2,2,med,high
veryhigh,med,2,2,big,low
veryhigh,med,2,2,big,med
veryhigh,med,2,2,big,high
veryhigh,med,2,4,small,low
veryhigh,med,2,4,small,med
veryhigh,med,2,4,small,high
veryhigh,med,2,4,med,low
veryhigh,med,2,4,med,med
veryhigh,med,2,4,med,high
veryhigh,med,2,4,big,low
veryhigh,med,2,4,big,med
veryhigh,med,2,4,big,high
veryhigh,med,2,more,small,low
veryhigh,med,2,more,small,med
veryhigh,med,2,more,small,high
veryhigh,med,2,more,med,low
veryhigh,med,2,more,med,med
veryhigh,med,2,more,med,high
veryhigh,med,2,more,big,low
veryhigh,med,2,more,big,med
veryhigh,med,2,more,big,high
veryhigh,med,3,2,small,low
veryhigh,med,3,2,small,med
veryhigh,med,3,2,small,high
veryhigh,med,3,2,med,low
veryhigh,med,3,2,med,med
veryhigh,med,3,2,med,high
veryhigh,med,3,2,big,low
veryhigh,med,3,2,big,med
veryhigh,med,3,2,big,high
veryhigh,med,3,4,small,low
veryhigh,med,3,4,small,med
veryhigh,med,3,4,small,high
veryhigh,med,3,4,med,low
veryhigh,med,3,4,med,med
veryhigh,med,3,4,med,high
veryhigh,med,3,4,big,low
veryhigh,med,3,4,big,med
veryhigh,med,3,4,big,high
veryhigh,med,3,more,small,low
veryhigh,med,3,more,small,med
veryhigh,med,3,more,small,high
veryhigh,med,3,more,med,low
veryhigh,med,3,more,med,med
veryhigh,med,3,more,med,high
veryhigh,med,3,more,big,low
veryhigh,med,3,more,big,med
veryhigh,med,3,more,big,high
veryhigh,med,4,2,small,low
veryhigh,med,4,2,small,med
veryhigh,med,4,2,small,high
veryhigh,med,4,2,med,low
veryhigh,med,4,2,med,med
veryhigh,med,4,2,med,high
veryhigh,med,4,2,big,low
veryhigh,med,4,2,big,med
veryhigh,med,4,2,big,high
veryhigh,med,4,4,small,low
veryhigh,med,4,4,small,med
veryhigh,med,4,4,small,high
veryhigh,med,4,4,med,low
veryhigh,med,4,4,med,med
veryhigh,med,4,4,med,high
veryhigh,med,4,4,big,low
veryhigh,med,4,4,big,med
veryhigh,med,4,4,big,high
veryhigh,med,4,more,small,low
veryhigh,med,4,more,small,med
veryhigh,med,4,more,small,high
veryhigh,med,4,more,med,low
veryhigh,med,4,more,med,med
veryhigh,med,4,more,med,high
veryhigh,med,4,more,big,low
veryhigh,med,4,more,big,med
veryhigh,med,4,more,big,high
veryhigh,med,5more,2,small,low
veryhigh,med,5more,2,small,med
veryhigh,med,5more,2,small,high
veryhigh,med,5more,2,med,low
veryhigh,med,5more,2,med,med
veryhigh,med,5more,2,med,high
veryhigh,med,5more,2,big,low
veryhigh,med,5more,2,big,med
veryhigh,med,5more,2,big,high
veryhigh,med,5more,4,small,low
veryhigh,med,5more,4,small,med
veryhigh,med,5more,4,small,high
veryhigh,med,5more,4,med,low
veryhigh,med,5more,4,med,med
veryhigh,med,5more,4,med,high
veryhigh,med,5more,4,big,low
veryhigh,med,5more,4,big,med
veryhigh,med,5more,4,big,high
veryhigh,med,5more,more,small,low
veryhigh,med,5more,more,small,med
veryhigh,med,5more,more,small,high
veryhigh,med,5more,more,med,low
veryhigh,med,5more,more,med,med
veryhigh,med,5more,more,med,high
veryhigh,med,5more,more,big,low
veryhigh,med,5more,more,big,med
veryhigh,med,5more,more,big,high
veryhigh,low,2,2,small,low
veryhigh,low,2,2,small,med
veryhigh,low,2,2,small,high
veryhigh,low,2,2,med,low
veryhigh,low,2,2,med,med
veryhigh,low,2,2,med,high
veryhigh,low,2,2,big,low
veryhigh,low,2,2,big,med
veryhigh,low,2,2,big,high
veryhigh,low,2,4,small,low
veryhigh,low,2,4,small,med
veryhigh,low,2,4,small,high
veryhigh,low,2,4,med,low
veryhigh,low,2,4,med,med
veryhigh,low,2,4,med,high
veryhigh,low,2,4,big,low
veryhigh,low,2,4,big,med
veryhigh,low,2,4,big,high
veryhigh,low,2,more,small,low
veryhigh,low,2,more,small,med
veryhigh,low,2,more,small,high
veryhigh,low,2,more,med,low
veryhigh,low,2,more,med,med
veryhigh,low,2,more,med,high
veryhigh,low,2,more,big,low
veryhigh,low,2,more,big,med
veryhigh,low,2,more,big,high
veryhigh,low,3,2,small,low
veryhigh,low,3,2,small,med
veryhigh,low,3,2,small,high
veryhigh,low,3,2,med,low
veryhigh,low,3,2,med,med
veryhigh,low,3,2,med,high
veryhigh,low,3,2,big,low
veryhigh,low,3,2,big,med
veryhigh,low,3,2,big,high
veryhigh,low,3,4,small,low
veryhigh,low,3,4,small,med
veryhigh,low,3,4,small,high
veryhigh,low,3,4,med,low
veryhigh,low,3,4,med,med
veryhigh,low,3,4,med,high
veryhigh,low,3,4,big,low
veryhigh,low,3,4,big,med
veryhigh,low,3,4,big,high
veryhigh,low,3,more,small,low
veryhigh,low,3,more,small,med
veryhigh,low,3,more,small,high
veryhigh,low,3,more,med,low
veryhigh,low,3,more,med,med
veryhigh,low,3,more,med,high
veryhigh,low,3,more,big,low
veryhigh,low,3,more,big,med
veryhigh,low,3,more,big,high
veryhigh,low,4,2,small,low
veryhigh,low,4,2,small,med
veryhigh,low,4,2,small,high
veryhigh,low,4,2,med,low
veryhigh,low,4,2,med,med
veryhigh,low,4,2,med,high
veryhigh,low,4,2,big,low
veryhigh,low,4,2,big,med
veryhigh,low,4,2,big,high
veryhigh,low,4,4,small,low
veryhigh,low,4,4,small,med
veryhigh,low,4,4,small,high
veryhigh,low,4,4,med,low
veryhigh,low,4,4,med,med
veryhigh,low,4,4,med,high
veryhigh,low,4,4,big,low
veryhigh,low,4,4,big,med
veryhigh,low,4,4,big,high
veryhigh,low,4,more,small,low
veryhigh,low,4,more,small,med
veryhigh,low,4,more,small,high
veryhigh,low,4,more,med,low
veryhigh,low,4,more,med,med
veryhigh,low,4,more,med,high
veryhigh,low,4,more,big,low
veryhigh,low,4,more,big,med
veryhigh,low,4,more,big,high
veryhigh,low,5more,2,small,low
veryhigh,low,5more,2,small,med
veryhigh,low,5more,2,small,high
veryhigh,low,5more,2,med,low
veryhigh,low,5more,2,med,med
veryhigh,low,5more,2,med,high
veryhigh,low,5more,2,big,low
veryhigh,low,5more,2,big,med
veryhigh,low,5more,2,big,high
veryhigh,low,5more,4,small,low
veryhigh,low,5more,4,small,med
veryhigh,low,5more,4,small,high
veryhigh,low,5more,4,med,low
veryhigh,low,5more,4,med,med
veryhigh,low,5more,4,med,high
veryhigh,low,5more,4,big,low
veryhigh,low,5more,4,big,med
veryhigh,low,5more,4,big,high
veryhigh,low,5more,more,small,low
veryhigh,low,5more,more,small,med
veryhigh,low,5more,more,small,high
veryhigh,low,5more,more,med,low
veryhigh,low,5more,more,med,med
veryhigh,low,5more,more,med,high
veryhigh,low,5more,more,big,low
veryhigh,low,5more,more,big,med
veryhigh,low,5more,more,big,high
high,veryhigh,2,2,small,low
high,veryhigh,2,2,small,med
high,veryhigh,2,2,small,high
high,veryhigh,2,2,med,low
high,veryhigh,2,2,med,med
high,veryhigh,2,2,med,high
high,veryhigh,2,2,big,low
high,veryhigh,2,2,big,med
high,veryhigh,2,2,big,high
high,veryhigh,2,4,small,low
high,veryhigh,2,4,small,med
high,veryhigh,2,4,small,high
high,veryhigh,2,4,med,low
high,veryhigh,2,4,med,med
high,veryhigh,2,4,med,high
high,veryhigh,2,4,big,low
high,veryhigh,2,4,big,med
high,veryhigh,2,4,big,high
high,veryhigh,2,more,small,low
high,veryhigh,2,more,small,med
high,veryhigh,2,more,small,high
high,veryhigh,2,more,med,low
high,veryhigh,2,more,med,med
high,veryhigh,2,more,med,high
high,veryhigh,2,more,big,low
high,veryhigh,2,more,big,med
high,veryhigh,2,more,big,high
high,veryhigh,3,2,small,low
high,veryhigh,3,2,small,med
high,veryhigh,3,2,small,high
high,veryhigh,3,2,med,low
high,veryhigh,3,2,med,med
high,veryhigh,3,2,med,high
high,veryhigh,3,2,big,low
high,veryhigh,3,2,big,med
high,veryhigh,3,2,big,high
high,veryhigh,3,4,small,low
high,veryhigh,3,4,small,med
high,veryhigh,3,4,small,high
high,veryhigh,3,4,med,low
high,veryhigh,3,4,med,med
high,veryhigh,3,4,med,high
high,veryhigh,3,4,big,low
high,veryhigh,3,4,big,med
high,veryhigh,3,4,big,high
high,veryhigh,3,more,small,low
high,veryhigh,3,more,small,med
high,veryhigh,3,more,small,high
high,veryhigh,3,more,med,low
high,veryhigh,3,more,med,med
high,veryhigh,3,more,med,high
high,veryhigh,3,more,big,low
high,veryhigh,3,more,big,med
high,veryhigh,3,more,big,high
high,veryhigh,4,2,small,low
high,veryhigh,4,2,small,med
high,veryhigh,4,2,small,high
high,veryhigh,4,2,med,low
high,veryhigh,4,2,med,med
high,veryhigh,4,2,med,high
high,veryhigh,4,2,big,low
high,veryhigh,4,2,big,med
high,veryhigh,4,2,big,high
high,veryhigh,4,4,small,low
high,veryhigh,4,4,small,med
high,veryhigh,4,4,small,high
high,veryhigh,4,4,med,low
high,veryhigh,4,4,med,med
high,veryhigh,4,4,med,high
high,veryhigh,4,4,big,low
high,veryhigh,4,4,big,med
high,veryhigh,4,4,big,high
high,veryhigh,4,more,small,low
high,veryhigh,4,more,small,med
high,veryhigh,4,more,small,high
high,veryhigh,4,more,med,low
high,veryhigh,4,more,med,med
high,veryhigh,4,more,med,high
high,veryhigh,4,more,big,low
high,veryhigh,4,more,big,med
high,veryhigh,4,more,big,high
high,veryhigh,5more,2,small,low
high,veryhigh,5more,2,small,med
high,veryhigh,5more,2,small,high
high,veryhigh,5more,2,med,low
high,veryhigh,5more,2,med,med
high,veryhigh,5more,2,med,high
high,veryhigh,5more,2,big,low
high,veryhigh,5more,2,big,med
high,veryhigh,5more,2,big,high
high,veryhigh,5more,4,small,low
high,veryhigh,5more,4,small,med
high,veryhigh,5more,4,small,high
high,veryhigh,5more,4,med,low
high,veryhigh,5more,4,med,med
high,veryhigh,5more,4,med,high
high,veryhigh,5more,4,big,low
high,veryhigh,5more,4,big,med
high,veryhigh,5more,4,big,high
high,veryhigh,5more,more,small,low
high,veryhigh,5more,more,small,med
high,veryhigh,5more,more,small,high
high,veryhigh,5more,more,med,low
high,veryhigh,5more,more,med,med
high,veryhigh,5more,more,med,high
high,veryhigh,5more,more,big,low
high,veryhigh,5more,more,big,med
high,veryhigh,5more,more,big,high
high,high,2,2,small,low
high,high,2,2,small,med
high,high,2,2,small,high
high,high,2,2,med,low
high,high,2,2,med,med
high,high,2,2,med,high
high,high,2,2,big,low
high,high,2,2,big,med
high,high,2,2,big,high
high,high,2,4,small,low
high,high,2,4,small,med
high,high,2,4,small,high
high,high,2,4,med,low
high,high,2,4,med,med
high,high,2,4,med,high
high,high,2,4,big,low
high,high,2,4,big,med
high,high,2,4,big,high
high,high,2,more,small,low
high,high,2,more,small,med
high,high,2,more,small,high
high,high,2,more,med,low
high,high,2,more,med,med
high,high,2,more,med,high
high,high,2,more,big,low
high,high,2,more,big,med
high,high,2,more,big,high
high,high,3,2,small,low
high,high,3,2,small,med
high,high,3,2,small,high
high,high,3,2,med,low
high,high,3,2,med,med
high,high,3,2,med,high
high,high,3,2,big,low
high,high,3,2,big,med
high,high,3,2,big,high
high,high,3,4,small,low
high,high,3,4,small,med
high,high,3,4,small,high
high,high,3,4,med,low
high,high,3,4,med,med
high,high,3,4,med,high
high,high,3,4,big,low
high,high,3,4,big,med
high,high,3,4,big,high
high,high,3,more,small,low
high,high,3,more,small,med
high,high,3,more,small,high
high,high,3,more,med,low
high,high,3,more,med,med
high,high,3,more,med,high
high,high,3,more,big,low
high,high,3,more,big,med
high,high,3,more,big,high
high,high,4,2,small,low
high,high,4,2,small,med
high,high,4,2,small,high
high,high,4,2,med,low
high,high,4,2,med,med
high,high,4,2,med,high
high,high,4,2,big,low
high,high,4,2,big,med
high,high,4,2,big,high
high,high,4,4,small,low
high,high,4,4,small,med
high,high,4,4,small,high
high,high,4,4,med,low
high,high,4,4,med,med
high,high,4,4,med,high
high,high,4,4,big,low
high,high,4,4,big,med
high,high,4,4,big,high
high,high,4,more,small,low
high,high,4,more,small,med
high,high,4,more,small,high
high,high,4,more,med,low
high,high,4,more,med,med
high,high,4,more,med,high
high,high,4,more,big,low
high,high,4,more,big,med
high,high,4,more,big,high
high,high,5more,2,small,low
high,high,5more,2,small,med
high,high,5more,2,small,high
high,high,5more,2,med,low
high,high,5more,2,med,med
high,high,5more,2,med,high
high,high,5more,2,big,low
high,high,5more,2,big,med
high,high,5more,2,big,high
high,high,5more,4,small,low
high,high,5more,4,small,med
high,high,5more,4,small,high
high,high,5more,4,med,low
high,high,5more,4,med,med
high,high,5more,4,med,high
high,high,5more,4,big,low
high,high,5more,4,big,med
high,high,5more,4,big,high
high,high,5more,more,small,low
high,high,5more,more,small,med
high,high,5more,more,small,high
high,high,5more,more,med,low
high,high,5more,more,med,med
high,high,5more,more,med,high
high,high,5more,more,big,low
high,high,5more,more,big,med
high,high,5more,more,big,high
high,med,2,2,small,low
high,med,2,2,small,med
high,med,2,2,small,high
high,med,2,2,med,low
high,med,2,2,med,med
high,med,2,2,med,high
high,med,2,2,big,low
high,med,2,2,big,med
high,med,2,2,big,high
high,med,2,4,small,low
high,med,2,4,small,med
high,med,2,4,small,high
high,med,2,4,med,low
high,med,2,4,med,med
high,med,2,4,med,high
high,med,2,4,big,low
high,med,2,4,big,med
high,med,2,4,big,high
high,med,2,more,small,low
high,med,2,more,small,med
high,med,2,more,small,high
high,med,2,more,med,low
high,med,2,more,med,med
high,med,2,more,med,high
high,med,2,more,big,low
high,med,2,more,big,med
high,med,2,more,big,high
high,med,3,2,small,low
high,med,3,2,small,med
high,med,3,2,small,high
high,med,3,2,med,low
high,med,3,2,med,med
high,med,3,2,med,high
high,med,3,2,big,low
high,med,3,2,big,med
high,med,3,2,big,high
high,med,3,4,small,low
high,med,3,4,small,med
high,med,3,4,small,high
high,med,3,4,med,low
high,med,3,4,med,med
high,med,3,4,med,high
high,med,3,4,big,low
high,med,3,4,big,med
high,med,3,4,big,high
high,med,3,more,small,low
high,med,3,more,small,med
high,med,3,more,small,high
high,med,3,more,med,low
high,med,3,more,med,med
high,med,3,more,med,high
high,med,3,more,big,low
high,med,3,more,big,med
high,med,3,more,big,high
high,med,4,2,small,low
high,med,4,2,small,med
high,med,4,2,small,high
high,med,4,2,med,low
high,med,4,2,med,med
high,med,4,2,med,high
high,med,4,2,big,low
high,med,4,2,big,med
high,med,4,2,big,high
high,med,4,4,small,low
high,med,4,4,small,med
high,med,4,4,small,high
high,med,4,4,med,low
high,med,4,4,med,med
high,med,4,4,med,high
high,med,4,4,big,low
high,med,4,4,big,med
high,med,4,4,big,high
high,med,4,more,small,low
high,med,4,more,small,med
high,med,4,more,small,high
high,med,4,more,med,low
high,med,4,more,med,med
high,med,4,more,med,high
high,med,4,more,big,low
high,med,4,more,big,med
high,med,4,more,big,high
high,med,5more,2,small,low
high,med,5more,2,small,med
high,med,5more,2,small,high
high,med,5more,2,med,low
high,med,5more,2,med,med
high,med,5more,2,med,high
high,med,5more,2,big,low
high,med,5more,2,big,med
high,med,5more,2,big,high
high,med,5more,4,small,low
high,med,5more,4,small,med
high,med,5more,4,small,high
high,med,5more,4,med,low
high,med,5more,4,med,med
high,med,5more,4,med,high
high,med,5more,4,big,low
high,med,5more,4,big,med
high,med,5more,4,big,high
high,med,5more,more,small,low
high,med,5more,more,small,med
high,med,5more,more,small,high
high,med,5more,more,med,low
high,med,5more,more,med,med
high,med,5more,more,med,high
high,med,5more,more,big,low
high,med,5more,more,big,med
high,med,5more,more,big,high
high,low,2,2,small,low
high,low,2,2,small,med
high,low,2,2,small,high
high,low,2,2,med,low
high,low,2,2,med,med
high,low,2,2,med,high
high,low,2,2,big,low
high,low,2,2,big,med
high,low,2,2,big,high
high,low,2,4,small,low
high,low,2,4,small,med
high,low,2,4,small,high
high,low,2,4,med,low
high,low,2,4,med,med
high,low,2,4,med,high
high,low,2,4,big,low
high,low,2,4,big,med
high,low,2,4,big,high
high,low,2,more,small,low
high,low,2,more,small,med
high,low,2,more,small,high
high,low,2,more,med,low
high,low,2,more,med,med
high,low,2,more,med,high
high,low,2,more,big,low
high,low,2,more,big,med
high,low,2,more,big,high
high,low,3,2,small,low
high,low,3,2,small,med
high,low,3,2,small,high
high,low,3,2,med,low
high,low,3,2,med,med
high,low,3,2,med,high
high,low,3,2,big,low
high,low,3,2,big,med
high,low,3,2,big,high
high,low,3,4,small,low
high,low,3,4,small,med
high,low,3,4,small,high
high,low,3,4,med,low
high,low,3,4,med,med
high,low,3,4,med,high
high,low,3,4,big,low
high,low,3,4,big,med
high,low,3,4,big,high
high,low,3,more,small,low
high,low,3,more,small,med
high,low,3,more,small,high
high,low,3,more,med,low
high,low,3,more,med,med
high,low,3,more,med,high
high,low,3,more,big,low
high,low,3,more,big,med
high,low,3,more,big,high
high,low,4,2,small,low
high,low,4,2,small,med
high,low,4,2,small,high
high,low,4,2,med,low
high,low,4,2,med,med
high,low,4,2,med,high
high,low,4,2,big,low
high,low,4,2,big,med
high,low,4,2,big,high
high,low,4,4,small,low
high,low,4,4,small,med
high,low,4,4,small,high
high,low,4,4,med,low
high,low,4,4,med,med
high,low,4,4,med,high
high,low,4,4,big,low
high,low,4,4,big,med
high,low,4,4,big,high
high,low,4,more,small,low
high,low,4,more,small,med
high,low,4,more,small,high
high,low,4,more,med,low
high,low,4,more,med,med
high,low,4,more,med,high
high,low,4,more,big,low
high,low,4,more,big,med
high,low,4,more,big,high
high,low,5more,2,small,low
high,low,5more,2,small,med
high,low,5more,2,small,high
high,low,5more,2,med,low
high,low,5more,2,med,med
high,low,5more,2,med,high
high,low,5more,2,big,low
high,low,5more,2,big,med
high,low,5more,2,big,high
high,low,5more,4,small,low
high,low,5more,4,small,med
high,low,5more,4,small,high
high,low,5more,4,med,low
high,low,5more,4,med,med
high,low,5more,4,med,high
high,low,5more,4,big,low
high,low,5more,4,big,med
high,low,5more,4,big,high
high,low,5more,more,small,low
high,low,5more,more,small,med
high,low,5more,more,small,high
high,low,5more,more,med,low
high,low,5more,more,med,med
high,low,5more,more,med,high
high,low,5more,more,big,low
high,low,5more,more,big,med
high,low,5more,more,big,high
med,veryhigh,2,2,small,low
med,veryhigh,2,2,small,med
med,veryhigh,2,2,small,high
med,veryhigh,2,2,med,low
med,veryhigh,2,2,med,med
med,veryhigh,2,2,med,high
med,veryhigh,2,2,big,low
med,veryhigh,2,2,big,med
med,veryhigh,2,2,big,high
med,veryhigh,2,4,small,low
med,veryhigh,2,4,small,med
med,veryhigh,2,4,small,high
med,veryhigh,2,4,med,low
med,veryhigh,2,4,med,med
med,veryhigh,2,4,med,high
med,veryhigh,2,4,big,low
med,veryhigh,2,4,big,med
med,veryhigh,2,4,big,high
med,veryhigh,2,more,small,low
med,veryhigh,2,more,small,med
med,veryhigh,2,more,small,high
med,veryhigh,2,more,med,low
med,veryhigh,2,more,med,med
med,veryhigh,2,more,med,high
med,veryhigh,2,more,big,low
med,veryhigh,2,more,big,med
med,veryhigh,2,more,big,high
med,veryhigh,3,2,small,low
med,veryhigh,3,2,small,med
med,veryhigh,3,2,small,high
med,veryhigh,3,2,med,low
med,veryhigh,3,2,med,med
med,veryhigh,3,2,med,high
med,veryhigh,3,2,big,low
med,veryhigh,3,2,big,med
med,veryhigh,3,2,big,high
med,veryhigh,3,4,small,low
med,veryhigh,3,4,small,med
med,veryhigh,3,4,small,high
med,veryhigh,3,4,med,low
med,veryhigh,3,4,med,med
med,veryhigh,3,4,med,high
med,veryhigh,3,4,big,low
med,veryhigh,3,4,big,med
med,veryhigh,3,4,big,high
med,veryhigh,3,more,small,low
med,veryhigh,3,more,small,med
med,veryhigh,3,more,small,high
med,veryhigh,3,more,med,low
med,veryhigh,3,more,med,med
med,veryhigh,3,more,med,high
med,veryhigh,3,more,big,low
med,veryhigh,3,more,big,med
med,veryhigh,3,more,big,high
med,veryhigh,4,2,small,low
med,veryhigh,4,2,small,med
med,veryhigh,4,2,small,high
med,veryhigh,4,2,med,low
med,veryhigh,4,2,med,med
med,veryhigh,4,2,med,high
med,veryhigh,4,2,big,low
med,veryhigh,4,2,big,med
med,veryhigh,4,2,big,high
med,veryhigh,4,4,small,low
med,veryhigh,4,4,small,med
med,veryhigh,4,4,small,high
med,veryhigh,4,4,med,low
med,veryhigh,4,4,med,med
med,veryhigh,4,4,med,high
med,veryhigh,4,4,big,low
med,veryhigh,4,4,big,med
med,veryhigh,4,4,big,high
med,veryhigh,4,more,small,low
med,veryhigh,4,more,small,med
med,veryhigh,4,more,small,high
med,veryhigh,4,more,med,low
med,veryhigh,4,more,med,med
med,veryhigh,4,more,med,high
med,veryhigh,4,more,big,low
med,veryhigh,4,more,big,med
med,veryhigh,4,more,big,high
med,veryhigh,5more,2,small,low
med,veryhigh,5more,2,small,med
med,veryhigh,5more,2,small,high
med,veryhigh,5more,2,med,low
med,veryhigh,5more,2,med,med
med,veryhigh,5more,2,med,high
med,veryhigh,5more,2,big,low
med,veryhigh,5more,2,big,med
med,veryhigh,5more,2,big,high
med,veryhigh,5more,4,small,low
med,veryhigh,5more,4,small,med
med,veryhigh,5more,4,small,high
med,veryhigh,5more,4,med,low
med,veryhigh,5more,4,med,med
med,veryhigh,5more,4,med,high
med,veryhigh,5more,4,big,low
med,veryhigh,5more,4,big,med
med,veryhigh,5more,4,big,high
med,veryhigh,5more,more,small,low
med,veryhigh,5more,more,small,med
med,veryhigh,5more,more,small,high
med,veryhigh,5more,more,med,low
med,veryhigh,5more,more,med,med
med,veryhigh,5more,more,med,high
med,veryhigh,5more,more,big,low
med,veryhigh,5more,more,big,med
med,veryhigh,5more,more,big,high
med,high,2,2,small,low
med,high,2,2,small,med
med,high,2,2,small,high
med,high,2,2,med,low
med,high,2,2,med,med
med,high,2,2,med,high
med,high,2,2,big,low
med,high,2,2,big,med
med,high,2,2,big,high
med,high,2,4,small,low
med,high,2,4,small,med
med,high,2,4,small,high
med,high,2,4,med,low
med,high,2,4,med,med
med,high,2,4,med,high
med,high,2,4,big,low
med,high,2,4,big,med
med,high,2,4,big,high
med,high,2,more,small,low
med,high,2,more,small,med
med,high,2,more,small,high
med,high,2,more,med,low
med,high,2,more,med,med
med,high,2,more,med,high
med,high,2,more,big,low
med,high,2,more,big,med
med,high,2,more,big,high
med,high,3,2,small,low
med,high,3,2,small,med
med,high,3,2,small,high
med,high,3,2,med,low
med,high,3,2,med,med
med,high,3,2,med,high
med,high,3,2,big,low
med,high,3,2,big,med
med,high,3,2,big,high
med,high,3,4,small,low
med,high,3,4,small,med
med,high,3,4,small,high
med,high,3,4,med,low
med,high,3,4,med,med
med,high,3,4,med,high
med,high,3,4,big,low
med,high,3,4,big,med
med,high,3,4,big,high
med,high,3,more,small,low
med,high,3,more,small,med
med,high,3,more,small,high
med,high,3,more,med,low
med,high,3,more,med,med
med,high,3,more,med,high
med,high,3,more,big,low
med,high,3,more,big,med
med,high,3,more,big,high
med,high,4,2,small,low
med,high,4,2,small,med
med,high,4,2,small,high
med,high,4,2,med,low
med,high,4,2,med,med
med,high,4,2,med,high
med,high,4,2,big,low
med,high,4,2,big,med
med,high,4,2,big,high
med,high,4,4,small,low
med,high,4,4,small,med
med,high,4,4,small,high
med,high,4,4,med,low
med,high,4,4,med,med
med,high,4,4,med,high
med,high,4,4,big,low
med,high,4,4,big,med
med,high,4,4,big,high
med,high,4,more,small,low
med,high,4,more,small,med
med,high,4,more,small,high
med,high,4,more,med,low
med,high,4,more,med,med
med,high,4,more,med,high
med,high,4,more,big,low
med,high,4,more,big,med
med,high,4,more,big,high
med,high,5more,2,small,low
med,high,5more,2,small,med
med,high,5more,2,small,high
med,high,5more,2,med,low
med,high,5more,2,med,med
med,high,5more,2,med,high
med,high,5more,2,big,low
med,high,5more,2,big,med
med,high,5more,2,big,high
med,high,5more,4,small,low
med,high,5more,4,small,med
med,high,5more,4,small,high
med,high,5more,4,med,low
med,high,5more,4,med,med
med,high,5more,4,med,high
med,high,5more,4,big,low
med,high,5more,4,big,med
med,high,5more,4,big,high
med,high,5more,more,small,low
med,high,5more,more,small,med
med,high,5more,more,small,high
med,high,5more,more,med,low
med,high,5more,more,med,med
med,high,5more,more,med,high
med,high,5more,more,big,low
med,high,5more,more,big,med
med,high,5more,more,big,high
med,med,2,2,small,low
med,med,2,2,small,med
med,med,2,2,small,high
med,med,2,2,med,low
med,med,2,2,med,med
med,med,2,2,med,high
med,med,2,2,big,low
med,med,2,2,big,med
med,med,2,2,big,high
med,med,2,4,small,low
med,med,2,4,small,med
med,med,2,4,small,high
med,med,2,4,med,low
med,med,2,4,med,med
med,med,2,4,med,high
med,med,2,4,big,low
med,med,2,4,big,med
med,med,2,4,big,high
med,med,2,more,small,low
med,med,2,more,small,med
med,med,2,more,small,high
med,med,2,more,med,low
med,med,2,more,med,med
med,med,2,more,med,high
med,med,2,more,big,low
med,med,2,more,big,med
med,med,2,more,big,high
med,med,3,2,small,low
med,med,3,2,small,med
med,med,3,2,small,high
med,med,3,2,med,low
med,med,3,2,med,med
med,med,3,2,med,high
med,med,3,2,big,low
med,med,3,2,big,med
med,med,3,2,big,high
med,med,3,4,small,low
med,med,3,4,small,med
med,med,3,4,small,high
med,med,3,4,med,low
med,med,3,4,med,med
med,med,3,4,med,high
med,med,3,4,big,low
med,med,3,4,big,med
med,med,3,4,big,high
med,med,3,more,small,low
med,med,3,more,small,med
med,med,3,more,small,high
med,med,3,more,med,low
med,med,3,more,med,med
med,med,3,more,med,high
med,med,3,more,big,low
med,med,3,more,big,med
med,med,3,more,big,high
med,med,4,2,small,low
med,med,4,2,small,med
med,med,4,2,small,high
med,med,4,2,med,low
med,med,4,2,med,med
med,med,4,2,med,high
med,med,4,2,big,low
med,med,4,2,big,med
med,med,4,2,big,high
med,med,4,4,small,low
med,med,4,4,small,med
med,med,4,4,small,high
med,med,4,4,med,low
med,med,4,4,med,med
med,med,4,4,med,high
med,med,4,4,big,low
med,med,4,4,big,med
med,med,4,4,big,high
med,med,4,more,small,low
med,med,4,more,small,med
med,med,4,more,small,high
med,med,4,more,med,low
med,med,4,more,med,med
med,med,4,more,med,high
med,med,4,more,big,low
med,med,4,more,big,med
med,med,4,more,big,high
med,med,5more,2,small,low
med,med,5more,2,small,med
med,med,5more,2,small,high
med,med,5more,2,med,low
med,med,5more,2,med,med
med,med,5more,2,med,high
med,med,5more,2,big,low
med,med,5more,2,big,med
med,med,5more,2,big,high
med,med,5more,4,small,low
med,med,5more,4,small,med
med,med,5more,4,small,high
med,med,5more,4,med,low
med,med,5more,4,med,med
med,med,5more,4,med,high
med,med,5more,4,big,low
med,med,5more,4,big,med
med,med,5more,4,big,high
med,med,5more,more,small,low
med,med,5more,more,small,med
med,med,5more,more,small,high
med,med,5more,more,med,low
med,med,5more,more,med,med
med,med,5more,more,med,high
med,med,5more,more,big,low
med,med,5more,more,big,med
med,med,5more,more,big,high
med,low,2,2,small,low
med,low,2,2,small,med
med,low,2,2,small,high
med,low,2,2,med,low
med,low,2,2,med,med
med,low,2,2,med,high
med,low,2,2,big,low
med,low,2,2,big,med
med,low,2,2,big,high
med,low,2,4,small,low
med,low,2,4,small,med
med,low,2,4,small,high
med,low,2,4,med,low
med,low,2,4,med,med
med,low,2,4,med,high
med,low,2,4,big,low
med,low,2,4,big,med
med,low,2,4,big,high
med,low,2,more,small,low
med,low,2,more,small,med
med,low,2,more,small,high
med,low,2,more,med,low
med,low,2,more,med,med
med,low,2,more,med,high
med,low,2,more,big,low
med,low,2,more,big,med
med,low,2,more,big,high
med,low,3,2,small,low
med,low,3,2,small,med
med,low,3,2,small,high
med,low,3,2,med,low
med,low,3,2,med,med
med,low,3,2,med,high
med,low,3,2,big,low
med,low,3,2,big,med
med,low,3,2,big,high
med,low,3,4,small,low
med,low,3,4,small,med
med,low,3,4,small,high
med,low,3,4,med,low
med,low,3,4,med,med
med,low,3,4,med,high
med,low,3,4,big,low
med,low,3,4,big,med
med,low,3,4,big,high
med,low,3,more,small,low
med,low,3,more,small,med
med,low,3,more,small,high
med,low,3,more,med,low
med,low,3,more,med,med
med,low,3,more,med,high
med,low,3,more,big,low
med,low,3,more,big,med
med,low,3,more,big,high
med,low,4,2,small,low
med,low,4,2,small,med
med,low,4,2,small,high
med,low,4,2,med,low
med,low,4,2,med,med
med,low,4,2,med,high
med,low,4,2,big,low
med,low,4,2,big,med
med,low,4,2,big,high
med,low,4,4,small,low
med,low,4,4,small,med
med,low,4,4,small,high
med,low,4,4,med,low
med,low,4,4,med,med
med,low,4,4,med,high
med,low,4,4,big,low
med,low,4,4,big,med
med,low,4,4,big,high
med,low,4,more,small,low
med,low,4,more,small,med
med,low,4,more,small,high
med,low,4,more,med,low
med,low,4,more,med,med
med,low,4,more,med,high
med,low,4,more,big,low
med,low,4,more,big,med
med,low,4,more,big,high
med,low,5more,2,small,low
med,low,5more,2,small,med
med,low,5more,2,small,high
med,low,5more,2,med,low
med,low,5more,2,med,med
med,low,5more,2,med,high
med,low,5more,2,big,low
med,low,5more,2,big,med
med,low,5more,2,big,high
med,low,5more,4,small,low
med,low,5more,4,small,med
med,low,5more,4,small,high
med,low,5more,4,med,low
med,low,5more,4,med,med
med,low,5more,4,med,high
med,low,5more,4,big,low
med,low,5more,4,big,med
med,low,5more,4,big,high
med,low,5more,more,small,low
med,low,5more,more,small,med
med,low,5more,more,small,high
med,low,5more,more,med,low
med,low,5more,more,med,med
med,low,5more,more,med,high
med,low,5more,more,big,low
med,low,5more,more,big,med
med,low,5more,more,big,high
low,veryhigh,2,2,small,low
low,veryhigh,2,2,small,med
low,veryhigh,2,2,small,high
low,veryhigh,2,2,med,low
low,veryhigh,2,2,med,med
low,veryhigh,2,2,med,high
low,veryhigh,2,2,big,low
low,veryhigh,2,2,big,med
low,veryhigh,2,2,big,high
low,veryhigh,2,4,small,low
low,veryhigh,2,4,small,med
low,veryhigh,2,4,small,high
low,veryhigh,2,4,med,low
low,veryhigh,2,4,med,med
low,veryhigh,2,4,med,high
low,veryhigh,2,4,big,low
low,veryhigh,2,4,big,med
low,veryhigh,2,4,big,high
low,veryhigh,2,more,small,low
low,veryhigh,2,more,small,med
low,veryhigh,2,more,small,high
low,veryhigh,2,more,med,low
low,veryhigh,2,more,med,med
low,veryhigh,2,more,med,high
low,veryhigh,2,more,big,low
low,veryhigh,2,more,big,med
low,veryhigh,2,more,big,high
low,veryhigh,3,2,small,low
low,veryhigh,3,2,small,med
low,veryhigh,3,2,small,high
low,veryhigh,3,2,med,low
low,veryhigh,3,2,med,med
low,veryhigh,3,2,med,high
low,veryhigh,3,2,big,low
low,veryhigh,3,2,big,med
low,veryhigh,3,2,big,high
low,veryhigh,3,4,small,low
low,veryhigh,3,4,small,med
low,veryhigh,3,4,small,high
low,veryhigh,3,4,med,low
low,veryhigh,3,4,med,med
low,veryhigh,3,4,med,high
low,veryhigh,3,4,big,low
low,veryhigh,3,4,big,med
low,veryhigh,3,4,big,high
low,veryhigh,3,more,small,low
low,veryhigh,3,more,small,med
low,veryhigh,3,more,small,high
low,veryhigh,3,more,med,low
low,veryhigh,3,more,med,med
low,veryhigh,3,more,med,high
low,veryhigh,3,more,big,low
low,veryhigh,3,more,big,med
low,veryhigh,3,more,big,high
low,veryhigh,4,2,small,low
low,veryhigh,4,2,small,med
low,veryhigh,4,2,small,high
low,veryhigh,4,2,med,low
low,veryhigh,4,2,med,med
low,veryhigh,4,2,med,high
low,veryhigh,4,2,big,low
low,veryhigh,4,2,big,med
low,veryhigh,4,2,big,high
low,veryhigh,4,4,small,low
low,veryhigh,4,4,small,med
low,veryhigh,4,4,small,high
low,veryhigh,4,4,med,low
low,veryhigh,4,4,med,med
low,veryhigh,4,4,med,high
low,veryhigh,4,4,big,low
low,veryhigh,4,4,big,med
low,veryhigh,4,4,big,high
low,veryhigh,4,more,small,low
low,veryhigh,4,more,small,med
low,veryhigh,4,more,small,high
low,veryhigh,4,more,med,low
low,veryhigh,4,more,med,med
low,veryhigh,4,more,med,high
low,veryhigh,4,more,big,low
low,veryhigh,4,more,big,med
low,veryhigh,4,more,big,high
low,veryhigh,5more,2,small,low
low,veryhigh,5more,2,small,med
low,veryhigh,5more,2,small,high
low,veryhigh,5more,2,med,low
low,veryhigh,5more,2,med,med
low,veryhigh,5more,2,med,high
low,veryhigh,5more,2,big,low
low,veryhigh,5more,2,big,med
low,veryhigh,5more,2,big,high
low,veryhigh,5more,4,small,low
low,veryhigh,5more,4,small,med
low,veryhigh,5more,4,small,high
low,veryhigh,5more,4,med,low
low,veryhigh,5more,4,med,med
low,veryhigh,5more,4,med,high
low,veryhigh,5more,4,big,low
low,veryhigh,5more,4,big,med
low,veryhigh,5more,4,big,high
low,veryhigh,5more,more,small,low
low,veryhigh,5more,more,small,med
low,veryhigh,5more,more,small,high
low,veryhigh,5more,more,med,low
low,veryhigh,5more,more,med,med
low,veryhigh,5more,more,med,high
low,veryhigh,5more,more,big,low
low,veryhigh,5more,more,big,med
low,veryhigh,5more,more,big,high
low,high,2,2,small,low
low,high,2,2,small,med
low,high,2,2,small,high
low,high,2,2,med,low
low,high,2,2,med,med
low,high,2,2,med,high
low,high,2,2,big,low
low,high,2,2,big,med
low,high,2,2,big,high
low,high,2,4,small,low
low,high,2,4,small,med
low,high,2,4,small,high
low,high,2,4,med,low
low,high,2,4,med,med
low,high,2,4,med,high
low,high,2,4,big,low
low,high,2,4,big,med
low,high,2,4,big,high
low,high,2,more,small,low
low,high,2,more,small,med
low,high,2,more,small,high
low,high,2,more,med,low
low,high,2,more,med,med
low,high,2,more,med,high
low,high,2,more,big,low
low,high,2,more,big,med
low,high,2,more,big,high
low,high,3,2,small,low
low,high,3,2,small,med
low,high,3,2,small,high
low,high,3,2,med,low
low,high,3,2,med,med
low,high,3,2,med,high
low,high,3,2,big,low
low,high,3,2,big,med
low,high,3,2,big,high
low,high,3,4,small,low
low,high,3,4,small,med
low,high,3,4,small,high
low,high,3,4,med,low
low,high,3,4,med,med
low,high,3,4,med,high
low,high,3,4,big,low
low,high,3,4,big,med
low,high,3,4,big,high
low,high,3,more,small,low
low,high,3,more,small,med
low,high,3,more,small,high
low,high,3,more,med,low
low,high,3,more,med,med
low,high,3,more,med,high
low,high,3,more,big,low
low,high,3,more,big,med
low,high,3,more,big,high
low,high,4,2,small,low
low,high,4,2,small,med
low,high,4,2,small,high
low,high,4,2,med,low
low,high,4,2,med,med
low,high,4,2,med,high
low,high,4,2,big,low
low,high,4,2,big,med
low,high,4,2,big,high
low,high,4,4,small,low
low,high,4,4,small,med
low,high,4,4,small,high
low,high,4,4,med,low
low,high,4,4,med,med
low,high,4,4,med,high
low,high,4,4,big,low
low,high,4,4,big,med
low,high,4,4,big,high
low,high,4,more,small,low
low,high,4,more,small,med
low,high,4,more,small,high
low,high,4,more,med,low
low,high,4,more,med,med
low,high,4,more,med,high
low,high,4,more,big,low
low,high,4,more,big,med
low,high,4,more,big,high
low,high,5more,2,small,low
low,high,5more,2,small,med
low,high,5more,2,small,high
low,high,5more,2,med,low
low,high,5more,2,med,med
low,high,5more,2,med,high
low,high,5more,2,big,low
low,high,5more,2,big,med
low,high,5more,2,big,high
low,high,5more,4,small,low
low,high,5more,4,small,med
low,high,5more,4,small,high
low,high,5more,4,med,low
low,high,5more,4,med,med
low,high,5more,4,med,high
low,high,5more,4,big,low
low,high,5more,4,big,med
low,high,5more,4,big,high
low,high,5more,more,small,low
low,high,5more,more,small,med
low,high,5more,more,small,high
low,high,5more,more,med,low
low,high,5more,more,med,med
low,high,5more,more,med,high
low,high,5more,more,big,low
low,high,5more,more,big,med
low,high,5more,more,big,high
low,med,2,2,small,low
low,med,2,2,small,med
low,med,2,2,small,high
low,med,2,2,med,low
low,med,2,2,med,med
low,med,2,2,med,high
low,med,2,2,big,low
low,med,2,2,big,med
low,med,2,2,big,high
low,med,2,4,small,low
low,med,2,4,small,med
low,med,2,4,small,high
low,med,2,4,med,low
low,med,2,4,med,med
low,med,2,4,med,high
low,med,2,4,big,low
low,med,2,4,big,med
low,med,2,4,big,high
low,med,2,more,small,low
low,med,2,more,small,med
low,med,2,more,small,high
low,med,2,more,med,low
low,med,2,more,med,med
low,med,2,more,med,high
low,med,2,more,big,low
low,med,2,more,big,med
low,med,2,more,big,high
low,med,3,2,small,low
low,med,3,2,small,med
low,med,3,2,small,high
low,med,3,2,med,low
low,med,3,2,med,med
low,med,3,2,med,high
low,med,3,2,big,low
low,med,3,2,big,med
low,med,3,2,big,high
low,med,3,4,small,low
low,med,3,4,small,med
low,med,3,4,small,high
low,med,3,4,med,low
low,med,3,4,med,med
low,med,3,4,med,high
low,med,3,4,big,low
low,med,3,4,big,med
low,med,3,4,big,high
low,med,3,more,small,low
low,med,3,more,small,med
low,med,3,more,small,high
low,med,3,more,med,low
low,med,3,more,med,med
low,med,3,more,med,high
low,med,3,more,big,low
low,med,3,more,big,med
low,med,3,more,big,high
low,med,4,2,small,low
low,med,4,2,small,med
low,med,4,2,small,high
low,med,4,2,med,low
low,med,4,2,med,med
low,med,4,2,med,high
low,med,4,2,big,low
low,med,4,2,big,med
low,med,4,2,big,high
low,med,4,4,small,low
low,med,4,4,small,med
low,med,4,4,small,high
low,med,4,4,med,low
low,med,4,4,med,med
low,med,4,4,med,high
low,med,4,4,big,low
low,med,4,4,big,med
low,med,4,4,big,high
low,med,4,more,small,low
low,med,4,more,small,med
low,med,4,more,small,high
low,med,4,more,med,low
low,med,4,more,med,med
low,med,4,more,med,high
low,med,4,more,big,low
low,med,4,more,big,med
low,med,4,more,big,high
low,med,5more,2,small,low
low,med,5more,2,small,med
low,med,5more,2,small,high
low,med,5more,2,med,low
low,med,5more,2,med,med
low,med,5more,2,med,high
low,med,5more,2,big,low
low,med,5more,2,big,med
low,med,5more,2,big,high
low,med,5more,4,small,low
low,med,5more,4,small,med
low,med,5more,4,small,high
low,med,5more,4,med,low
low,med,5more,4,med,med
low,med,5more,4,med,high
low,med,5more,4,big,low
low,med,5more,4,big,med
low,med,5more,4,big,high
low,med,5more,more,small,low
low,med,5more,more,small,med
low,med,5more,more,small,high
low,med,5more,more,med,low
low,med,5more,more,med,med
low,med,5more,more,med,high
low,med,5more,more,big,low
low,med,5more,more,big,med
low,med,5more,more,big,high
low,low,2,2,small,low
low,low,2,2,small,med
low,low,2,2,small,high
low,low,2,2,med,low
low,low,2,2,med,med
low,low,2,2,med,high
low,low,2,2,big,low
low,low,2,2,big,med
low,low,2,2,big,high
low,low,2,4,small,low
low,low,2,4,small,med
low,low,2,4,small,high
low,low,2,4,med,low
low,low,2,4,med,med
low,low,2,4,med,high
low,low,2,4,big,low
low,low,2,4,big,med
low,low,2,4,big,high
low,low,2,more,small,low
low,low,2,more,small,med
low,low,2,more,small,high
low,low,2,more,med,low
low,low,2,more,med,med
low,low,2,more,med,high
low,low,2,more,big,low
low,low,2,more,big,med
low,low,2,more,big,high
low,low,3,2,small,low
low,low,3,2,small,med
low,low,3,2,small,high
low,low,3,2,med,low
low,low,3,2,med,med
low,low,3,2,med,high
low,low,3,2,big,low
low,low,3,2,big,med
low,low,3,2,big,high
low,low,3,4,small,low
low,low,3,4,small,med
low,low,3,4,small,high
low,low,3,4,med,low
low,low,3,4,med,med
low,low,3,4,med,high
low,low,3,4,big,low
low,low,3,4,big,med
low,low,3,4,big,high
low,low,3,more,small,low
low,low,3,more,small,med
low,low,3,more,small,high
low,low,3,more,med,low
low,low,3,more,med,med
low,low,3,more,med,high
low,low,3,more,big,low
low,low,3,more,big,med
low,low,3,more,big,high
low,low,4,2,small,low
low,low,4,2,small,med
low,low,4,2,small,high
low,low,4,2,med,low
low,low,4,2,med,med
low,low,4,2,med,high
low,low,4,2,big,low
low,low,4,2,big,med
low,low,4,2,big,high
low,low,4,4,small,low
low,low,4,4,small,med
low,low,4,4,small,high
low,low,4,4,med,low
low,low,4,4,med,med
low,low,4,4,med,high
low,low,4,4,big,low
low,low,4,4,big,med
low,low,4,4,big,high
low,low,4,more,small,low
low,low,4,more,small,med
low,low,4,more,small,high
low,low,4,more,med,low
low,low,4,more,med,med
low,low,4,more,med,high
low,low,4,more,big,low
low,low,4,more,big,med
low,low,4,more,big,high
low,low,5more,2,small,low
low,low,5more,2,small,med
low,low,5more,2,small,high
low,low,5more,2,med,low
low,low,5more,2,med,med
low,low,5more,2,med,high
low,low,5more,2,big,low
low,low,5more,2,big,med
low,low,5more,2,big,high
low,low,5more,4,small,low
low,low,5more,4,small,med
low,low,5more,4,small,high
low,low,5more,4,med,low
low,low,5more,4,med,med
low,low,5more,4,med,high
low,low,5more,4,big,low
low,low,5more,4,big,med
low,low,5more,4,big,high
low,low,5more,more,small,low
low,low,5more,more,small,med
low,low,5more,more,small,high
low,low,5more,more,med,low
low,low,5more,more,med,med
low,low,5more,more,med,high
low,low,5more,more,big,low
low,low,5more,more,big,med
low,low,5more,more,big,high
